id;vehicle_id;type;name;description;due_date;interval_months;interval_km;remind_days_before;remind_km_before;last_completed_date;last_completed_mileage;status;is_periodic_check;check_interval_days;last_check_date;external_link;notes;created_at;updated_at
faa8ac5d-6e9d-4457-81e9-23a1502b0c3e;5c06bd69-5f4c-48a9-a5b2-5d75872cc2ec;regulatory;Multas;Verificar multas pendentes;;;;0;500;;;ok;true;45;2026-02-08;https://www.detran.sp.gov.br;;2026-02-08 22:07:10.412451+00;2026-02-08 22:07:58.640478+00
6dab34b8-322c-429e-982a-8cf348527fff;657c6720-8625-4913-b004-124c649e10b4;regulatory;CNH;Renovação da carteira de motorista;2031-12-19;;;60;500;;;ok;false;;;;;2026-01-27 01:45:22.949753+00;2026-01-27 01:51:11.229613+00
aa6e23e6-0ae1-40e8-b6b4-f22312881ad2;657c6720-8625-4913-b004-124c649e10b4;regulatory;Seguro;Seguro do veículo;2027-02-20;;;30;500;2026-02-20;;ok;false;;;;;2026-01-27 01:45:22.949753+00;2026-02-27 01:33:12.431754+00
b5872ed7-4203-45e3-a987-df058107e1d5;657c6720-8625-4913-b004-124c649e10b4;regulatory;Licenciamento;Renovação anual do CRLV;2026-06-30;;;20;500;;;ok;false;;;;;2026-01-27 01:45:22.949753+00;2026-01-27 01:53:38.497996+00
138f961d-b4a5-4474-b8e2-8ad939f55a50;657c6720-8625-4913-b004-124c649e10b4;regulatory;Multas;Verificar multas pendentes;;;;0;500;;;ok;true;60;2026-01-27;https://www.detran.sp.gov.br;;2026-01-27 01:45:22.949753+00;2026-01-27 03:59:05.313792+00
1ebebd64-3ee8-43f2-9703-4cb1d03652b4;657c6720-8625-4913-b004-124c649e10b4;maintenance;Bateria;Verificar condição da bateria;;36;;60;500;2025-08-01;95000;ok;false;;;;;2026-01-27 01:45:22.949753+00;2026-01-27 04:02:45.001943+00
d71f5a2b-41da-4e09-bf25-b114e4cccf47;657c6720-8625-4913-b004-124c649e10b4;maintenance;Pressão dos pneus;Verificar calibragem dos pneus;;1;;3;500;2026-03-22;103279;ok;false;;;;;2026-01-27 01:45:22.949753+00;2026-03-22 22:10:40.928518+00
dc1f603b-0d95-4ddc-9d1c-7864e182184e;657c6720-8625-4913-b004-124c649e10b4;maintenance;Óleo do motor;Troca de óleo do motor;;;1000;30;30;2026-04-04;103279;ok;false;;;;;2026-01-27 01:45:22.949753+00;2026-04-04 19:09:48.878804+00
71b03e42-9422-47fb-94ed-079dd2497fd8;657c6720-8625-4913-b004-124c649e10b4;maintenance;Água de resfriamento;Verificar nível do líquido de arrefecimento;;1;;7;500;2026-04-04;103279;ok;false;;;;;2026-01-27 01:45:22.949753+00;2026-04-04 19:09:54.518896+00
86bf99d7-cfec-49e3-9c97-20916582ea45;657c6720-8625-4913-b004-124c649e10b4;maintenance;Pastilhas de freio;Troca das pastilhas de freio;;;30000;30;30;2026-01-27;101000;ok;false;;;;;2026-01-27 01:45:22.949753+00;2026-01-27 04:06:35.378192+00
1cea74c4-b808-4b0d-8974-820b5facfd66;657c6720-8625-4913-b004-124c649e10b4;regulatory;IPVA;Imposto anual do veículo;2027-01-15;;;30;500;2026-01-28;;ok;false;;;;;2026-01-27 01:45:22.949753+00;2026-01-28 11:18:35.516122+00
bc1e023b-0029-4952-a051-f6701670b3cc;657c6720-8625-4913-b004-124c649e10b4;maintenance;Troca de pneus;Substituição dos pneus;;36;;60;3000;2024-01-20;;ok;false;;;;;2026-01-29 10:50:47.511903+00;2026-01-29 10:58:05.7381+00
f3f2195d-7421-491c-951e-13a810f8e62b;657c6720-8625-4913-b004-124c649e10b4;maintenance;Óleo da direção;Verificar fluido da direção hidráulica;;12;;30;500;2026-02-06;101245;ok;false;;;;;2026-01-27 01:45:22.949753+00;2026-02-06 11:44:16.094082+00
9039ee4b-16c1-4d9d-9d79-db91d5c0d560;657c6720-8625-4913-b004-124c649e10b4;maintenance;Fluido de freio;Troca do fluido de freio;;24;;30;500;2026-02-06;101245;ok;false;;;;;2026-01-27 01:45:22.949753+00;2026-02-06 11:44:23.778311+00
3facb65d-feee-46fb-b671-504c916150c2;5c06bd69-5f4c-48a9-a5b2-5d75872cc2ec;regulatory;IPVA;Imposto anual do veículo;;;;30;500;;;ok;false;;;;;2026-02-08 22:07:10.412451+00;2026-02-08 22:07:10.412451+00
cf3495a9-9598-4bf3-99cc-d7575ddad656;5c06bd69-5f4c-48a9-a5b2-5d75872cc2ec;regulatory;Licenciamento;Renovação anual do CRLV;;;;30;500;;;ok;false;;;;;2026-02-08 22:07:10.412451+00;2026-02-08 22:07:10.412451+00
cfb1a446-a6dd-4524-af83-721cd9638f89;5c06bd69-5f4c-48a9-a5b2-5d75872cc2ec;regulatory;Seguro;Seguro do veículo;;;;30;500;;;ok;false;;;;;2026-02-08 22:07:10.412451+00;2026-02-08 22:07:10.412451+00
4927e3d9-2e3d-4742-88de-6c917571a5a1;5c06bd69-5f4c-48a9-a5b2-5d75872cc2ec;regulatory;CNH;Renovação da carteira de motorista;;;;60;500;;;ok;false;;;;;2026-02-08 22:07:10.412451+00;2026-02-08 22:07:10.412451+00
15ba2d6d-2b6b-47e1-b032-d37a2a8befed;5c06bd69-5f4c-48a9-a5b2-5d75872cc2ec;maintenance;Óleo do motor;Troca de óleo do motor;;;5000;30;500;;;ok;false;;;;;2026-02-08 22:07:10.412451+00;2026-02-08 22:07:10.412451+00
ca36f85f-c6c1-4366-bf8f-13614db4e46d;5c06bd69-5f4c-48a9-a5b2-5d75872cc2ec;maintenance;Água de resfriamento;Verificar nível do líquido de arrefecimento;;6;;7;500;;;ok;false;;;;;2026-02-08 22:07:10.412451+00;2026-02-08 22:07:10.412451+00
96ce2274-6a61-4a98-83d5-48c9fa9a0b47;5c06bd69-5f4c-48a9-a5b2-5d75872cc2ec;maintenance;Óleo da direção;Verificar fluido da direção hidráulica;;12;;30;500;;;ok;false;;;;;2026-02-08 22:07:10.412451+00;2026-02-08 22:07:10.412451+00
5dd3df1e-154e-43bd-a5e4-bf0e15713101;5c06bd69-5f4c-48a9-a5b2-5d75872cc2ec;maintenance;Fluido de freio;Troca do fluido de freio;;24;;30;500;;;ok;false;;;;;2026-02-08 22:07:10.412451+00;2026-02-08 22:07:10.412451+00
4683632a-9e27-4f08-b580-c1ebddb0b99c;5c06bd69-5f4c-48a9-a5b2-5d75872cc2ec;maintenance;Bateria;Verificar condição da bateria;;36;;60;500;;;ok;false;;;;;2026-02-08 22:07:10.412451+00;2026-02-08 22:07:10.412451+00
03979b6f-eb16-4afd-b531-214e247630d0;5c06bd69-5f4c-48a9-a5b2-5d75872cc2ec;maintenance;Pressão dos pneus;Verificar calibragem dos pneus;;1;;3;500;;;ok;false;;;;;2026-02-08 22:07:10.412451+00;2026-02-08 22:07:10.412451+00
ea8efee8-ca83-47d0-8dbb-3b0f45a6b3de;5c06bd69-5f4c-48a9-a5b2-5d75872cc2ec;maintenance;Pastilhas de freio;Troca das pastilhas de freio;;;30000;30;2000;;;ok;false;;;;;2026-02-08 22:07:10.412451+00;2026-02-08 22:07:10.412451+00
06ce7d6d-856b-4c68-b98f-657edd082fa4;5c06bd69-5f4c-48a9-a5b2-5d75872cc2ec;maintenance;Troca de pneus;Substituição dos pneus;;48;40000;60;3000;;;ok;false;;;;;2026-02-08 22:07:10.412451+00;2026-02-08 22:07:10.412451+00
bf9e338f-1f3b-4e89-b83b-438d1807f588;3f59469d-bff2-4efc-87f6-b548be44ca0d;regulatory;IPVA;Imposto anual do veículo;;;;30;500;;;ok;false;;;;;2026-02-19 14:51:44.626208+00;2026-02-19 14:51:44.626208+00
dabaf731-c8cf-403e-ab11-c2aad84c6be1;3f59469d-bff2-4efc-87f6-b548be44ca0d;regulatory;Licenciamento;Renovação anual do CRLV;;;;30;500;;;ok;false;;;;;2026-02-19 14:51:44.626208+00;2026-02-19 14:51:44.626208+00
cfacb837-ada6-448b-a30c-58078adfc5a1;3f59469d-bff2-4efc-87f6-b548be44ca0d;regulatory;Seguro;Seguro do veículo;;;;30;500;;;ok;false;;;;;2026-02-19 14:51:44.626208+00;2026-02-19 14:51:44.626208+00
358f11f8-9615-4502-a3f1-a594747064e2;3f59469d-bff2-4efc-87f6-b548be44ca0d;regulatory;CNH;Renovação da carteira de motorista;;;;60;500;;;ok;false;;;;;2026-02-19 14:51:44.626208+00;2026-02-19 14:51:44.626208+00
bab16012-c4b0-4f75-b95c-5e9d328f2acf;3f59469d-bff2-4efc-87f6-b548be44ca0d;regulatory;Multas;Verificar multas pendentes;;;;0;500;;;ok;true;45;;https://www.detran.sp.gov.br;;2026-02-19 14:51:44.626208+00;2026-02-19 14:51:44.626208+00
75a02032-b2d8-4f8a-a218-f045803e67d4;3f59469d-bff2-4efc-87f6-b548be44ca0d;maintenance;Óleo do motor;Troca de óleo do motor;;;5000;30;500;;;ok;false;;;;;2026-02-19 14:51:44.626208+00;2026-02-19 14:51:44.626208+00
70046626-94a6-4cea-897a-2310e4ca2a02;3f59469d-bff2-4efc-87f6-b548be44ca0d;maintenance;Água de resfriamento;Verificar nível do líquido de arrefecimento;;6;;7;500;;;ok;false;;;;;2026-02-19 14:51:44.626208+00;2026-02-19 14:51:44.626208+00
d035f563-d0e7-4c0d-8dc1-bd3949d26a72;3f59469d-bff2-4efc-87f6-b548be44ca0d;maintenance;Óleo da direção;Verificar fluido da direção hidráulica;;12;;30;500;;;ok;false;;;;;2026-02-19 14:51:44.626208+00;2026-02-19 14:51:44.626208+00
7b689846-9f46-4aec-aae2-adc7542d4fba;3f59469d-bff2-4efc-87f6-b548be44ca0d;maintenance;Fluido de freio;Troca do fluido de freio;;24;;30;500;;;ok;false;;;;;2026-02-19 14:51:44.626208+00;2026-02-19 14:51:44.626208+00
d513b839-3f39-472a-87bf-3a48a96c1438;3f59469d-bff2-4efc-87f6-b548be44ca0d;maintenance;Bateria;Verificar condição da bateria;;36;;60;500;;;ok;false;;;;;2026-02-19 14:51:44.626208+00;2026-02-19 14:51:44.626208+00
90e152c3-4ff7-41da-a767-274f86a94a54;3f59469d-bff2-4efc-87f6-b548be44ca0d;maintenance;Pressão dos pneus;Verificar calibragem dos pneus;;1;;3;500;;;ok;false;;;;;2026-02-19 14:51:44.626208+00;2026-02-19 14:51:44.626208+00
59aede59-22a3-4301-aebc-ed7aef1fa8d5;3f59469d-bff2-4efc-87f6-b548be44ca0d;maintenance;Pastilhas de freio;Troca das pastilhas de freio;;;30000;30;2000;;;ok;false;;;;;2026-02-19 14:51:44.626208+00;2026-02-19 14:51:44.626208+00
76533b62-8310-4394-a832-b26fdc3261b1;3f59469d-bff2-4efc-87f6-b548be44ca0d;maintenance;Troca de pneus;Substituição dos pneus;;48;40000;60;3000;;;ok;false;;;;;2026-02-19 14:51:44.626208+00;2026-02-19 14:51:44.626208+00
2943772a-4687-4e66-bde4-c4a657b3a70b;637063a9-9fcf-4f2d-82da-e30f867fe8bc;regulatory;IPVA;Imposto anual do veículo;;;;30;500;;;ok;false;;;;;2026-03-07 01:05:29.136348+00;2026-03-07 01:05:29.136348+00
89f1213d-27c2-471b-afc5-53f1c580688c;637063a9-9fcf-4f2d-82da-e30f867fe8bc;regulatory;Licenciamento;Renovação anual do CRLV;;;;30;500;;;ok;false;;;;;2026-03-07 01:05:29.136348+00;2026-03-07 01:05:29.136348+00
c5b0c30c-0717-4d11-a79f-0f07863acbc0;637063a9-9fcf-4f2d-82da-e30f867fe8bc;regulatory;Seguro;Seguro do veículo;;;;30;500;;;ok;false;;;;;2026-03-07 01:05:29.136348+00;2026-03-07 01:05:29.136348+00
2b82c8aa-287c-4471-b255-2a72bd8da706;637063a9-9fcf-4f2d-82da-e30f867fe8bc;regulatory;CNH;Renovação da carteira de motorista;;;;60;500;;;ok;false;;;;;2026-03-07 01:05:29.136348+00;2026-03-07 01:05:29.136348+00
9cc8fcec-12d3-4a8f-ac78-d46074180f4b;637063a9-9fcf-4f2d-82da-e30f867fe8bc;regulatory;Multas;Verificar multas pendentes;;;;0;500;;;ok;true;45;;https://www.detran.sp.gov.br;;2026-03-07 01:05:29.136348+00;2026-03-07 01:05:29.136348+00
63e5be39-2566-4698-a603-38debe9433ad;637063a9-9fcf-4f2d-82da-e30f867fe8bc;maintenance;Óleo do motor;Troca de óleo do motor;;;5000;30;500;;;ok;false;;;;;2026-03-07 01:05:29.136348+00;2026-03-07 01:05:29.136348+00
9d0884ce-3445-4ddf-9dab-f54d473e076f;637063a9-9fcf-4f2d-82da-e30f867fe8bc;maintenance;Água de resfriamento;Verificar nível do líquido de arrefecimento;;6;;7;500;;;ok;false;;;;;2026-03-07 01:05:29.136348+00;2026-03-07 01:05:29.136348+00
ef5966ae-51f8-4556-b410-7594cef2f51c;637063a9-9fcf-4f2d-82da-e30f867fe8bc;maintenance;Óleo da direção;Verificar fluido da direção hidráulica;;12;;30;500;;;ok;false;;;;;2026-03-07 01:05:29.136348+00;2026-03-07 01:05:29.136348+00
7dc38c82-def9-4729-8042-3ad974d4001a;637063a9-9fcf-4f2d-82da-e30f867fe8bc;maintenance;Fluido de freio;Troca do fluido de freio;;24;;30;500;;;ok;false;;;;;2026-03-07 01:05:29.136348+00;2026-03-07 01:05:29.136348+00
3c890584-c0c1-43ca-bf71-75b16ec14f41;637063a9-9fcf-4f2d-82da-e30f867fe8bc;maintenance;Bateria;Verificar condição da bateria;;36;;60;500;;;ok;false;;;;;2026-03-07 01:05:29.136348+00;2026-03-07 01:05:29.136348+00
b6656dbf-16a4-424d-9311-ea5f556a7856;637063a9-9fcf-4f2d-82da-e30f867fe8bc;maintenance;Pressão dos pneus;Verificar calibragem dos pneus;;1;;3;500;;;ok;false;;;;;2026-03-07 01:05:29.136348+00;2026-03-07 01:05:29.136348+00
e08eab95-b4f5-4e7f-823a-278e88d30f8c;637063a9-9fcf-4f2d-82da-e30f867fe8bc;maintenance;Pastilhas de freio;Troca das pastilhas de freio;;;30000;30;2000;;;ok;false;;;;;2026-03-07 01:05:29.136348+00;2026-03-07 01:05:29.136348+00
39018136-ce19-4d2f-b956-69feb9bb185e;637063a9-9fcf-4f2d-82da-e30f867fe8bc;maintenance;Troca de pneus;Substituição dos pneus;;48;40000;60;3000;;;ok;false;;;;;2026-03-07 01:05:29.136348+00;2026-03-07 01:05:29.136348+00
da6ff984-512f-4b1d-8f3a-23d9a3ad9e69;d7296dd2-d42e-4f3d-a355-38922217487a;regulatory;IPVA;Imposto anual do veículo;;;;30;500;;;ok;false;;;;;2026-03-14 02:43:28.155371+00;2026-03-14 02:43:28.155371+00
defeebb7-cb69-4c22-86ed-6da9b8d08b8d;d7296dd2-d42e-4f3d-a355-38922217487a;regulatory;Licenciamento;Renovação anual do CRLV;;;;30;500;;;ok;false;;;;;2026-03-14 02:43:28.155371+00;2026-03-14 02:43:28.155371+00
c44d9d3d-a34a-4d76-b534-ee0aee5721b7;d7296dd2-d42e-4f3d-a355-38922217487a;regulatory;Seguro;Seguro do veículo;;;;30;500;;;ok;false;;;;;2026-03-14 02:43:28.155371+00;2026-03-14 02:43:28.155371+00
61ee3994-b943-47af-b8b4-736ffb8bc53d;d7296dd2-d42e-4f3d-a355-38922217487a;regulatory;CNH;Renovação da carteira de motorista;;;;60;500;;;ok;false;;;;;2026-03-14 02:43:28.155371+00;2026-03-14 02:43:28.155371+00
795ff90a-0826-4a24-9c44-3aacf3ad1bdd;d7296dd2-d42e-4f3d-a355-38922217487a;regulatory;Multas;Verificar multas pendentes;;;;0;500;;;ok;true;45;;https://www.detran.sp.gov.br;;2026-03-14 02:43:28.155371+00;2026-03-14 02:43:28.155371+00
8d03dab3-e495-4d44-b4b9-f3d7ca6313b3;d7296dd2-d42e-4f3d-a355-38922217487a;maintenance;Óleo do motor;Troca de óleo do motor;;;5000;30;500;;;ok;false;;;;;2026-03-14 02:43:28.155371+00;2026-03-14 02:43:28.155371+00
2eb02be8-7192-4443-a440-d0970312c168;d7296dd2-d42e-4f3d-a355-38922217487a;maintenance;Água de resfriamento;Verificar nível do líquido de arrefecimento;;6;;7;500;;;ok;false;;;;;2026-03-14 02:43:28.155371+00;2026-03-14 02:43:28.155371+00
cfea1112-cce7-4e88-a1e2-93186b1604c6;d7296dd2-d42e-4f3d-a355-38922217487a;maintenance;Óleo da direção;Verificar fluido da direção hidráulica;;12;;30;500;;;ok;false;;;;;2026-03-14 02:43:28.155371+00;2026-03-14 02:43:28.155371+00
43357331-9830-4030-8f98-550ed59d1a59;d7296dd2-d42e-4f3d-a355-38922217487a;maintenance;Fluido de freio;Troca do fluido de freio;;24;;30;500;;;ok;false;;;;;2026-03-14 02:43:28.155371+00;2026-03-14 02:43:28.155371+00
b3579b05-2c17-4cd1-ab03-e3bb074cc089;d7296dd2-d42e-4f3d-a355-38922217487a;maintenance;Bateria;Verificar condição da bateria;;36;;60;500;;;ok;false;;;;;2026-03-14 02:43:28.155371+00;2026-03-14 02:43:28.155371+00
adedcec9-403b-481a-8603-b0ba012ffc3d;d7296dd2-d42e-4f3d-a355-38922217487a;maintenance;Pressão dos pneus;Verificar calibragem dos pneus;;1;;3;500;;;ok;false;;;;;2026-03-14 02:43:28.155371+00;2026-03-14 02:43:28.155371+00
54c5d38f-4e03-4df7-898f-2770d76763de;d7296dd2-d42e-4f3d-a355-38922217487a;maintenance;Pastilhas de freio;Troca das pastilhas de freio;;;30000;30;2000;;;ok;false;;;;;2026-03-14 02:43:28.155371+00;2026-03-14 02:43:28.155371+00
e4ffa641-b655-46cb-b762-34ca6648c79d;d7296dd2-d42e-4f3d-a355-38922217487a;maintenance;Troca de pneus;Substituição dos pneus;;48;40000;60;3000;;;ok;false;;;;;2026-03-14 02:43:28.155371+00;2026-03-14 02:43:28.155371+00
ad4dbad1-83b5-4acb-83c6-2010ac8296fd;3ce819dc-33b5-4040-8153-b4a9762096be;regulatory;IPVA;Imposto anual do veículo;;;;30;500;;;ok;false;;;;;2026-03-14 02:51:22.011879+00;2026-03-14 02:51:22.011879+00
b4624eb6-498c-47be-bb7c-7dc6bf7c3850;3ce819dc-33b5-4040-8153-b4a9762096be;regulatory;Licenciamento;Renovação anual do CRLV;;;;30;500;;;ok;false;;;;;2026-03-14 02:51:22.011879+00;2026-03-14 02:51:22.011879+00
902181bf-e8b1-466f-b24b-44ce4d58d176;3ce819dc-33b5-4040-8153-b4a9762096be;regulatory;Seguro;Seguro do veículo;;;;30;500;;;ok;false;;;;;2026-03-14 02:51:22.011879+00;2026-03-14 02:51:22.011879+00
64bd9aa8-95d5-48b6-a69f-b7366425d650;3ce819dc-33b5-4040-8153-b4a9762096be;regulatory;CNH;Renovação da carteira de motorista;;;;60;500;;;ok;false;;;;;2026-03-14 02:51:22.011879+00;2026-03-14 02:51:22.011879+00
42bf4a9c-6a75-447f-85da-db55af8d2987;3ce819dc-33b5-4040-8153-b4a9762096be;regulatory;Multas;Verificar multas pendentes;;;;0;500;;;ok;true;45;;https://www.detran.sp.gov.br;;2026-03-14 02:51:22.011879+00;2026-03-14 02:51:22.011879+00
d3026f52-e3fb-4e2f-96a6-539926bccf74;3ce819dc-33b5-4040-8153-b4a9762096be;maintenance;Óleo do motor;Troca de óleo do motor;;;5000;30;500;;;ok;false;;;;;2026-03-14 02:51:22.011879+00;2026-03-14 02:51:22.011879+00
5d0177be-e79e-49be-bfb7-0416823ee87c;3ce819dc-33b5-4040-8153-b4a9762096be;maintenance;Água de resfriamento;Verificar nível do líquido de arrefecimento;;6;;7;500;;;ok;false;;;;;2026-03-14 02:51:22.011879+00;2026-03-14 02:51:22.011879+00
7433b751-d0cc-4713-93e3-467287f98eb3;3ce819dc-33b5-4040-8153-b4a9762096be;maintenance;Óleo da direção;Verificar fluido da direção hidráulica;;12;;30;500;;;ok;false;;;;;2026-03-14 02:51:22.011879+00;2026-03-14 02:51:22.011879+00
625fc658-762d-4827-a463-20e7b38f7b10;3ce819dc-33b5-4040-8153-b4a9762096be;maintenance;Fluido de freio;Troca do fluido de freio;;24;;30;500;;;ok;false;;;;;2026-03-14 02:51:22.011879+00;2026-03-14 02:51:22.011879+00
6158ec1e-572d-4dee-8ea7-821baca9d17d;3ce819dc-33b5-4040-8153-b4a9762096be;maintenance;Bateria;Verificar condição da bateria;;36;;60;500;;;ok;false;;;;;2026-03-14 02:51:22.011879+00;2026-03-14 02:51:22.011879+00
3afe025d-e5bd-4943-b1ff-20521d6eb7e3;3ce819dc-33b5-4040-8153-b4a9762096be;maintenance;Pressão dos pneus;Verificar calibragem dos pneus;;1;;3;500;;;ok;false;;;;;2026-03-14 02:51:22.011879+00;2026-03-14 02:51:22.011879+00
bc1b3e57-c182-4a0f-8d8b-853c498353a1;3ce819dc-33b5-4040-8153-b4a9762096be;maintenance;Pastilhas de freio;Troca das pastilhas de freio;;;30000;30;2000;;;ok;false;;;;;2026-03-14 02:51:22.011879+00;2026-03-14 02:51:22.011879+00
fbadce76-2e54-4140-bfa9-ae087c394026;3ce819dc-33b5-4040-8153-b4a9762096be;maintenance;Troca de pneus;Substituição dos pneus;;48;40000;60;3000;;;ok;false;;;;;2026-03-14 02:51:22.011879+00;2026-03-14 02:51:22.011879+00
27fbb2a1-6484-4685-a2c0-bdee291b0ee1;3ce819dc-33b5-4040-8153-b4a9762096be;regulatory;IPVA;Imposto anual do veículo;;;;30;500;;;ok;false;;;;;2026-03-14 02:51:22.011879+00;2026-03-14 02:51:22.011879+00
03e8273d-d353-4ccc-8803-80f3988943ef;3ce819dc-33b5-4040-8153-b4a9762096be;regulatory;Licenciamento;Renovação anual do CRLV;;;;30;500;;;ok;false;;;;;2026-03-14 02:51:22.011879+00;2026-03-14 02:51:22.011879+00
7aae9f85-7175-4c3e-9699-fe12f94c4f28;3ce819dc-33b5-4040-8153-b4a9762096be;regulatory;Seguro;Seguro do veículo;;;;30;500;;;ok;false;;;;;2026-03-14 02:51:22.011879+00;2026-03-14 02:51:22.011879+00
b0dd9788-f7cb-47d7-a684-5b2c25d4bc86;3ce819dc-33b5-4040-8153-b4a9762096be;regulatory;CNH;Renovação da carteira de motorista;;;;60;500;;;ok;false;;;;;2026-03-14 02:51:22.011879+00;2026-03-14 02:51:22.011879+00
7e1f1ba1-24d7-4e11-a898-741e17f2d768;3ce819dc-33b5-4040-8153-b4a9762096be;regulatory;Multas;Verificar multas pendentes;;;;0;500;;;ok;true;45;;https://www.detran.sp.gov.br;;2026-03-14 02:51:22.011879+00;2026-03-14 02:51:22.011879+00
a0f692b0-722c-4c5a-8161-8df41e2f86e3;3ce819dc-33b5-4040-8153-b4a9762096be;maintenance;Óleo do motor;Troca de óleo do motor;;;5000;30;500;;;ok;false;;;;;2026-03-14 02:51:22.011879+00;2026-03-14 02:51:22.011879+00
ee80afec-9e2e-4ed3-94d1-36ef25613ce7;3ce819dc-33b5-4040-8153-b4a9762096be;maintenance;Água de resfriamento;Verificar nível do líquido de arrefecimento;;6;;7;500;;;ok;false;;;;;2026-03-14 02:51:22.011879+00;2026-03-14 02:51:22.011879+00
53658f1e-2873-43a0-9c4a-19ede48ea384;3ce819dc-33b5-4040-8153-b4a9762096be;maintenance;Óleo da direção;Verificar fluido da direção hidráulica;;12;;30;500;;;ok;false;;;;;2026-03-14 02:51:22.011879+00;2026-03-14 02:51:22.011879+00
aa03efb4-7556-4aec-8e45-2a295dfeb237;3ce819dc-33b5-4040-8153-b4a9762096be;maintenance;Fluido de freio;Troca do fluido de freio;;24;;30;500;;;ok;false;;;;;2026-03-14 02:51:22.011879+00;2026-03-14 02:51:22.011879+00
4e33b942-7ab6-4879-8311-b9a525acba65;3ce819dc-33b5-4040-8153-b4a9762096be;maintenance;Bateria;Verificar condição da bateria;;36;;60;500;;;ok;false;;;;;2026-03-14 02:51:22.011879+00;2026-03-14 02:51:22.011879+00
107f2d1e-09fe-425d-af7d-78b9260620f7;3ce819dc-33b5-4040-8153-b4a9762096be;maintenance;Pressão dos pneus;Verificar calibragem dos pneus;;1;;3;500;;;ok;false;;;;;2026-03-14 02:51:22.011879+00;2026-03-14 02:51:22.011879+00
87301922-d23e-4f38-ba49-250681a38fd9;3ce819dc-33b5-4040-8153-b4a9762096be;maintenance;Pastilhas de freio;Troca das pastilhas de freio;;;30000;30;2000;;;ok;false;;;;;2026-03-14 02:51:22.011879+00;2026-03-14 02:51:22.011879+00
23bfe09b-c2bc-4efb-83d7-dd71fde1e8ee;3ce819dc-33b5-4040-8153-b4a9762096be;maintenance;Troca de pneus;Substituição dos pneus;;48;40000;60;3000;;;ok;false;;;;;2026-03-14 02:51:22.011879+00;2026-03-14 02:51:22.011879+00
c330d332-8fbc-4d4b-acb0-b40e20c18c76;40537a02-0a78-4799-b925-7facbab406b9;regulatory;IPVA;Imposto anual do veículo;;;;30;500;;;ok;false;;;;;2026-03-14 02:53:48.723159+00;2026-03-14 02:53:48.723159+00
aa3c9ae1-b881-4b93-af8d-bfe8574c0404;40537a02-0a78-4799-b925-7facbab406b9;regulatory;Licenciamento;Renovação anual do CRLV;;;;30;500;;;ok;false;;;;;2026-03-14 02:53:48.723159+00;2026-03-14 02:53:48.723159+00
1dd300cb-3041-45a0-87ef-f1f9714d9453;40537a02-0a78-4799-b925-7facbab406b9;regulatory;Seguro;Seguro do veículo;;;;30;500;;;ok;false;;;;;2026-03-14 02:53:48.723159+00;2026-03-14 02:53:48.723159+00
bbd4e5c9-9c6c-48ba-acc3-b55e137aebc2;40537a02-0a78-4799-b925-7facbab406b9;regulatory;CNH;Renovação da carteira de motorista;;;;60;500;;;ok;false;;;;;2026-03-14 02:53:48.723159+00;2026-03-14 02:53:48.723159+00
be242687-deed-48e2-8a49-62513c7aee63;40537a02-0a78-4799-b925-7facbab406b9;regulatory;Multas;Verificar multas pendentes;;;;0;500;;;ok;true;45;;https://www.detran.sp.gov.br;;2026-03-14 02:53:48.723159+00;2026-03-14 02:53:48.723159+00
6a5d61a5-2a07-4cc5-a6df-6a00a9cdeaab;40537a02-0a78-4799-b925-7facbab406b9;maintenance;Óleo do motor;Troca de óleo do motor;;;5000;30;500;;;ok;false;;;;;2026-03-14 02:53:48.723159+00;2026-03-14 02:53:48.723159+00
79639245-0411-4d0c-be6c-172aff892724;40537a02-0a78-4799-b925-7facbab406b9;maintenance;Água de resfriamento;Verificar nível do líquido de arrefecimento;;6;;7;500;;;ok;false;;;;;2026-03-14 02:53:48.723159+00;2026-03-14 02:53:48.723159+00
91dd6ec3-f78d-4ed7-adfc-fc6646fac769;40537a02-0a78-4799-b925-7facbab406b9;maintenance;Óleo da direção;Verificar fluido da direção hidráulica;;12;;30;500;;;ok;false;;;;;2026-03-14 02:53:48.723159+00;2026-03-14 02:53:48.723159+00
73f40607-a40d-4fee-9d1f-6b53241d39b6;40537a02-0a78-4799-b925-7facbab406b9;maintenance;Fluido de freio;Troca do fluido de freio;;24;;30;500;;;ok;false;;;;;2026-03-14 02:53:48.723159+00;2026-03-14 02:53:48.723159+00
d67c7e97-d624-4471-b29f-19543f799b0a;40537a02-0a78-4799-b925-7facbab406b9;maintenance;Bateria;Verificar condição da bateria;;36;;60;500;;;ok;false;;;;;2026-03-14 02:53:48.723159+00;2026-03-14 02:53:48.723159+00
f06d7c06-02ec-4d7f-89fb-995a9a719884;40537a02-0a78-4799-b925-7facbab406b9;maintenance;Pressão dos pneus;Verificar calibragem dos pneus;;1;;3;500;;;ok;false;;;;;2026-03-14 02:53:48.723159+00;2026-03-14 02:53:48.723159+00
fadaf484-17c0-4a2b-98e7-16c1cda8e05e;40537a02-0a78-4799-b925-7facbab406b9;maintenance;Pastilhas de freio;Troca das pastilhas de freio;;;30000;30;2000;;;ok;false;;;;;2026-03-14 02:53:48.723159+00;2026-03-14 02:53:48.723159+00
6fceeb8c-20bd-434f-9d05-d938fc1baa55;40537a02-0a78-4799-b925-7facbab406b9;maintenance;Troca de pneus;Substituição dos pneus;;48;40000;60;3000;;;ok;false;;;;;2026-03-14 02:53:48.723159+00;2026-03-14 02:53:48.723159+00
82202c1f-190d-4bfc-8db5-8a1e347f32f2;40537a02-0a78-4799-b925-7facbab406b9;regulatory;IPVA;Imposto anual do veículo;;;;30;500;;;ok;false;;;;;2026-03-14 02:53:48.723159+00;2026-03-14 02:53:48.723159+00
cacc1295-3f0c-4432-8685-35a7af0c8571;40537a02-0a78-4799-b925-7facbab406b9;regulatory;Licenciamento;Renovação anual do CRLV;;;;30;500;;;ok;false;;;;;2026-03-14 02:53:48.723159+00;2026-03-14 02:53:48.723159+00
b25c1571-e898-4ea0-9438-59bf380ef0c1;40537a02-0a78-4799-b925-7facbab406b9;regulatory;Seguro;Seguro do veículo;;;;30;500;;;ok;false;;;;;2026-03-14 02:53:48.723159+00;2026-03-14 02:53:48.723159+00
93a4f178-d3bc-442c-b9ab-5e891d8afc1d;40537a02-0a78-4799-b925-7facbab406b9;regulatory;CNH;Renovação da carteira de motorista;;;;60;500;;;ok;false;;;;;2026-03-14 02:53:48.723159+00;2026-03-14 02:53:48.723159+00
4f7a2d9c-1691-4d62-91cf-88c90710e1a7;40537a02-0a78-4799-b925-7facbab406b9;regulatory;Multas;Verificar multas pendentes;;;;0;500;;;ok;true;45;;https://www.detran.sp.gov.br;;2026-03-14 02:53:48.723159+00;2026-03-14 02:53:48.723159+00
35b325d8-dbc5-472e-9622-d912f556cbc2;40537a02-0a78-4799-b925-7facbab406b9;maintenance;Óleo do motor;Troca de óleo do motor;;;5000;30;500;;;ok;false;;;;;2026-03-14 02:53:48.723159+00;2026-03-14 02:53:48.723159+00
ab456288-ceda-4a06-b23a-4404ca8ed421;40537a02-0a78-4799-b925-7facbab406b9;maintenance;Água de resfriamento;Verificar nível do líquido de arrefecimento;;6;;7;500;;;ok;false;;;;;2026-03-14 02:53:48.723159+00;2026-03-14 02:53:48.723159+00
734b8119-d9e8-4ac4-9c37-0d61e890d9bc;40537a02-0a78-4799-b925-7facbab406b9;maintenance;Óleo da direção;Verificar fluido da direção hidráulica;;12;;30;500;;;ok;false;;;;;2026-03-14 02:53:48.723159+00;2026-03-14 02:53:48.723159+00
a76a1cd3-db93-4fb2-953f-8c8d49e2c52f;40537a02-0a78-4799-b925-7facbab406b9;maintenance;Fluido de freio;Troca do fluido de freio;;24;;30;500;;;ok;false;;;;;2026-03-14 02:53:48.723159+00;2026-03-14 02:53:48.723159+00
417f70be-0e96-4e1e-8ae7-efaab5cca653;40537a02-0a78-4799-b925-7facbab406b9;maintenance;Bateria;Verificar condição da bateria;;36;;60;500;;;ok;false;;;;;2026-03-14 02:53:48.723159+00;2026-03-14 02:53:48.723159+00
37a3931a-67aa-40fe-9352-b7d62907b53f;40537a02-0a78-4799-b925-7facbab406b9;maintenance;Pressão dos pneus;Verificar calibragem dos pneus;;1;;3;500;;;ok;false;;;;;2026-03-14 02:53:48.723159+00;2026-03-14 02:53:48.723159+00
ad1833f5-509b-4a8e-846d-aeae2da0ea67;40537a02-0a78-4799-b925-7facbab406b9;maintenance;Pastilhas de freio;Troca das pastilhas de freio;;;30000;30;2000;;;ok;false;;;;;2026-03-14 02:53:48.723159+00;2026-03-14 02:53:48.723159+00
333e929d-509f-4578-9621-5b94b1fb3374;40537a02-0a78-4799-b925-7facbab406b9;maintenance;Troca de pneus;Substituição dos pneus;;48;40000;60;3000;;;ok;false;;;;;2026-03-14 02:53:48.723159+00;2026-03-14 02:53:48.723159+00
28ec497d-05e9-4625-97bd-506765090f98;0dc5643c-0e75-4ea3-b18c-acc37b0be5ce;regulatory;IPVA;Imposto anual do veículo;;;;30;500;;;ok;false;;;;;2026-03-14 18:12:08.134014+00;2026-03-14 18:12:08.134014+00
b5ab8d6d-6aaf-416c-9b3d-42c13f3f0b9c;0dc5643c-0e75-4ea3-b18c-acc37b0be5ce;regulatory;Licenciamento;Renovação anual do CRLV;;;;30;500;;;ok;false;;;;;2026-03-14 18:12:08.134014+00;2026-03-14 18:12:08.134014+00
8394f2cb-58d4-463d-aacd-3b2275aa9aee;0dc5643c-0e75-4ea3-b18c-acc37b0be5ce;regulatory;Seguro;Seguro do veículo;;;;30;500;;;ok;false;;;;;2026-03-14 18:12:08.134014+00;2026-03-14 18:12:08.134014+00
afdb4303-6f9f-4c70-bbc1-c041c437b529;0dc5643c-0e75-4ea3-b18c-acc37b0be5ce;regulatory;CNH;Renovação da carteira de motorista;;;;60;500;;;ok;false;;;;;2026-03-14 18:12:08.134014+00;2026-03-14 18:12:08.134014+00
ec5bf47d-dcea-4b66-932a-334998c9d12b;0dc5643c-0e75-4ea3-b18c-acc37b0be5ce;regulatory;Multas;Verificar multas pendentes;;;;0;500;;;ok;true;45;;https://www.detran.sp.gov.br;;2026-03-14 18:12:08.134014+00;2026-03-14 18:12:08.134014+00
6395d96a-9564-4ded-9217-c469f8ecd0b5;0dc5643c-0e75-4ea3-b18c-acc37b0be5ce;maintenance;Óleo do motor;Troca de óleo do motor;;;5000;30;500;;;ok;false;;;;;2026-03-14 18:12:08.134014+00;2026-03-14 18:12:08.134014+00
cf9dacae-abb3-4bc2-b3c9-08eb38e7e96b;0dc5643c-0e75-4ea3-b18c-acc37b0be5ce;maintenance;Água de resfriamento;Verificar nível do líquido de arrefecimento;;6;;7;500;;;ok;false;;;;;2026-03-14 18:12:08.134014+00;2026-03-14 18:12:08.134014+00
7628b3dc-c5a3-4370-89d3-47e187cbc357;0dc5643c-0e75-4ea3-b18c-acc37b0be5ce;maintenance;Óleo da direção;Verificar fluido da direção hidráulica;;12;;30;500;;;ok;false;;;;;2026-03-14 18:12:08.134014+00;2026-03-14 18:12:08.134014+00
e2003332-c344-40d2-a2ef-a8242285d5c6;0dc5643c-0e75-4ea3-b18c-acc37b0be5ce;maintenance;Fluido de freio;Troca do fluido de freio;;24;;30;500;;;ok;false;;;;;2026-03-14 18:12:08.134014+00;2026-03-14 18:12:08.134014+00
b7a9acaf-9846-42e7-8b21-9e215c112880;0dc5643c-0e75-4ea3-b18c-acc37b0be5ce;maintenance;Bateria;Verificar condição da bateria;;36;;60;500;;;ok;false;;;;;2026-03-14 18:12:08.134014+00;2026-03-14 18:12:08.134014+00
3c92d7cd-d9ae-449a-8dbc-b892fa48404b;0dc5643c-0e75-4ea3-b18c-acc37b0be5ce;maintenance;Pressão dos pneus;Verificar calibragem dos pneus;;1;;3;500;;;ok;false;;;;;2026-03-14 18:12:08.134014+00;2026-03-14 18:12:08.134014+00
bcef0561-7d62-4518-a848-1283ba6ecf51;0dc5643c-0e75-4ea3-b18c-acc37b0be5ce;maintenance;Pastilhas de freio;Troca das pastilhas de freio;;;30000;30;2000;;;ok;false;;;;;2026-03-14 18:12:08.134014+00;2026-03-14 18:12:08.134014+00
552abd6b-f56f-412c-8450-e072306551a2;0dc5643c-0e75-4ea3-b18c-acc37b0be5ce;maintenance;Troca de pneus;Substituição dos pneus;;48;40000;60;3000;;;ok;false;;;;;2026-03-14 18:12:08.134014+00;2026-03-14 18:12:08.134014+00
53bfd310-f740-4cee-88f0-45ec3c640bfd;0dc5643c-0e75-4ea3-b18c-acc37b0be5ce;regulatory;IPVA;Imposto anual do veículo;;;;30;500;;;ok;false;;;;;2026-03-14 18:12:08.134014+00;2026-03-14 18:12:08.134014+00
fac20dc2-a135-4c7f-b3ae-eb209e9b3c73;0dc5643c-0e75-4ea3-b18c-acc37b0be5ce;regulatory;Licenciamento;Renovação anual do CRLV;;;;30;500;;;ok;false;;;;;2026-03-14 18:12:08.134014+00;2026-03-14 18:12:08.134014+00
288b1966-5686-401d-abdf-839070cae9ea;0dc5643c-0e75-4ea3-b18c-acc37b0be5ce;regulatory;Seguro;Seguro do veículo;;;;30;500;;;ok;false;;;;;2026-03-14 18:12:08.134014+00;2026-03-14 18:12:08.134014+00
a3419b68-1a20-4ecf-9ff5-8b9d32faff5d;0dc5643c-0e75-4ea3-b18c-acc37b0be5ce;regulatory;CNH;Renovação da carteira de motorista;;;;60;500;;;ok;false;;;;;2026-03-14 18:12:08.134014+00;2026-03-14 18:12:08.134014+00
057b2a9e-2ff6-46f2-b7b5-a522b8c23274;0dc5643c-0e75-4ea3-b18c-acc37b0be5ce;regulatory;Multas;Verificar multas pendentes;;;;0;500;;;ok;true;45;;https://www.detran.sp.gov.br;;2026-03-14 18:12:08.134014+00;2026-03-14 18:12:08.134014+00
1148232c-ec51-4283-a8cc-04cfe7250f79;0dc5643c-0e75-4ea3-b18c-acc37b0be5ce;maintenance;Óleo do motor;Troca de óleo do motor;;;5000;30;500;;;ok;false;;;;;2026-03-14 18:12:08.134014+00;2026-03-14 18:12:08.134014+00
2e3abe6c-b8e9-4952-a969-e742d6f96394;0dc5643c-0e75-4ea3-b18c-acc37b0be5ce;maintenance;Água de resfriamento;Verificar nível do líquido de arrefecimento;;6;;7;500;;;ok;false;;;;;2026-03-14 18:12:08.134014+00;2026-03-14 18:12:08.134014+00
b10f1e09-1522-46f6-bfba-d3c084e4adbd;0dc5643c-0e75-4ea3-b18c-acc37b0be5ce;maintenance;Óleo da direção;Verificar fluido da direção hidráulica;;12;;30;500;;;ok;false;;;;;2026-03-14 18:12:08.134014+00;2026-03-14 18:12:08.134014+00
a44b47af-ccab-4490-867c-1ca2eed3f698;0dc5643c-0e75-4ea3-b18c-acc37b0be5ce;maintenance;Fluido de freio;Troca do fluido de freio;;24;;30;500;;;ok;false;;;;;2026-03-14 18:12:08.134014+00;2026-03-14 18:12:08.134014+00
61b0e0a5-5c71-448d-9308-aeada8376088;0dc5643c-0e75-4ea3-b18c-acc37b0be5ce;maintenance;Bateria;Verificar condição da bateria;;36;;60;500;;;ok;false;;;;;2026-03-14 18:12:08.134014+00;2026-03-14 18:12:08.134014+00
5a2aaad1-36ae-4a92-9678-9a86462c4b28;0dc5643c-0e75-4ea3-b18c-acc37b0be5ce;maintenance;Pressão dos pneus;Verificar calibragem dos pneus;;1;;3;500;;;ok;false;;;;;2026-03-14 18:12:08.134014+00;2026-03-14 18:12:08.134014+00
e8154bbc-2d7b-44ac-a48e-12b499707da1;0dc5643c-0e75-4ea3-b18c-acc37b0be5ce;maintenance;Pastilhas de freio;Troca das pastilhas de freio;;;30000;30;2000;;;ok;false;;;;;2026-03-14 18:12:08.134014+00;2026-03-14 18:12:08.134014+00
c66969c5-b2f3-4a4f-b513-8f203d376ae0;0dc5643c-0e75-4ea3-b18c-acc37b0be5ce;maintenance;Troca de pneus;Substituição dos pneus;;48;40000;60;3000;;;ok;false;;;;;2026-03-14 18:12:08.134014+00;2026-03-14 18:12:08.134014+00
4f4ac4d5-1a85-468f-9269-e8abef8831ce;7af52b7f-df1e-4b5d-a0d6-0a7c091b0069;regulatory;IPVA;Imposto anual do veículo;;;;30;500;;;ok;false;;;;;2026-03-21 11:39:28.719749+00;2026-03-21 11:39:28.719749+00
bc7587a4-b733-4267-90c8-bfe3be2d9fbc;7af52b7f-df1e-4b5d-a0d6-0a7c091b0069;regulatory;Licenciamento;Renovação anual do CRLV;;;;30;500;;;ok;false;;;;;2026-03-21 11:39:28.719749+00;2026-03-21 11:39:28.719749+00
075e54d5-3f95-4248-a01b-a1d40f34215b;7af52b7f-df1e-4b5d-a0d6-0a7c091b0069;regulatory;Seguro;Seguro do veículo;;;;30;500;;;ok;false;;;;;2026-03-21 11:39:28.719749+00;2026-03-21 11:39:28.719749+00
ad48545a-8063-4d9e-be2f-7adf7eca8e9f;7af52b7f-df1e-4b5d-a0d6-0a7c091b0069;regulatory;CNH;Renovação da carteira de motorista;;;;60;500;;;ok;false;;;;;2026-03-21 11:39:28.719749+00;2026-03-21 11:39:28.719749+00
8e2e8466-6f68-4d76-ac0d-0c698d4e7161;7af52b7f-df1e-4b5d-a0d6-0a7c091b0069;regulatory;Multas;Verificar multas pendentes;;;;0;500;;;ok;true;45;;https://www.detran.sp.gov.br;;2026-03-21 11:39:28.719749+00;2026-03-21 11:39:28.719749+00
7ddd1223-3f30-4e7b-86ad-f5638cd34a2b;7af52b7f-df1e-4b5d-a0d6-0a7c091b0069;maintenance;Óleo do motor;Troca de óleo do motor;;;5000;30;500;;;ok;false;;;;;2026-03-21 11:39:28.719749+00;2026-03-21 11:39:28.719749+00
786fd70c-3328-49fb-b6e9-e8fa19a641a7;7af52b7f-df1e-4b5d-a0d6-0a7c091b0069;maintenance;Água de resfriamento;Verificar nível do líquido de arrefecimento;;6;;7;500;;;ok;false;;;;;2026-03-21 11:39:28.719749+00;2026-03-21 11:39:28.719749+00
6a09c6c9-12d6-41a6-a9c3-bb72331ba39f;7af52b7f-df1e-4b5d-a0d6-0a7c091b0069;maintenance;Óleo da direção;Verificar fluido da direção hidráulica;;12;;30;500;;;ok;false;;;;;2026-03-21 11:39:28.719749+00;2026-03-21 11:39:28.719749+00
38e79682-136c-42fa-8d00-531b42cdaef1;7af52b7f-df1e-4b5d-a0d6-0a7c091b0069;maintenance;Fluido de freio;Troca do fluido de freio;;24;;30;500;;;ok;false;;;;;2026-03-21 11:39:28.719749+00;2026-03-21 11:39:28.719749+00
9ee11ed4-32cf-4c92-8701-d97696519888;7af52b7f-df1e-4b5d-a0d6-0a7c091b0069;maintenance;Bateria;Verificar condição da bateria;;36;;60;500;;;ok;false;;;;;2026-03-21 11:39:28.719749+00;2026-03-21 11:39:28.719749+00
96a27403-77e9-4a35-bf1d-809c73cd2a83;7af52b7f-df1e-4b5d-a0d6-0a7c091b0069;maintenance;Pressão dos pneus;Verificar calibragem dos pneus;;1;;3;500;;;ok;false;;;;;2026-03-21 11:39:28.719749+00;2026-03-21 11:39:28.719749+00
25e2d350-c263-4fe1-894d-64ac9fd2a530;7af52b7f-df1e-4b5d-a0d6-0a7c091b0069;maintenance;Pastilhas de freio;Troca das pastilhas de freio;;;30000;30;2000;;;ok;false;;;;;2026-03-21 11:39:28.719749+00;2026-03-21 11:39:28.719749+00
39ea2c93-88bd-4b3f-9cfd-804619858569;7af52b7f-df1e-4b5d-a0d6-0a7c091b0069;maintenance;Troca de pneus;Substituição dos pneus;;48;40000;60;3000;;;ok;false;;;;;2026-03-21 11:39:28.719749+00;2026-03-21 11:39:28.719749+00
6b15aec7-586b-4871-ab80-f39f485464dc;7af52b7f-df1e-4b5d-a0d6-0a7c091b0069;regulatory;IPVA;Imposto anual do veículo;;;;30;500;;;ok;false;;;;;2026-03-21 11:39:28.719749+00;2026-03-21 11:39:28.719749+00
703d7920-dd68-46ad-b184-3c3d7c165220;7af52b7f-df1e-4b5d-a0d6-0a7c091b0069;regulatory;Licenciamento;Renovação anual do CRLV;;;;30;500;;;ok;false;;;;;2026-03-21 11:39:28.719749+00;2026-03-21 11:39:28.719749+00
7ca71469-8403-440a-9cee-9d0ffe55dd71;7af52b7f-df1e-4b5d-a0d6-0a7c091b0069;regulatory;Seguro;Seguro do veículo;;;;30;500;;;ok;false;;;;;2026-03-21 11:39:28.719749+00;2026-03-21 11:39:28.719749+00
b2e421b1-70b5-4263-a1ce-02b0bdfd93f5;7af52b7f-df1e-4b5d-a0d6-0a7c091b0069;regulatory;CNH;Renovação da carteira de motorista;;;;60;500;;;ok;false;;;;;2026-03-21 11:39:28.719749+00;2026-03-21 11:39:28.719749+00
57e415bb-ac8b-4b07-8ebb-52553173584a;7af52b7f-df1e-4b5d-a0d6-0a7c091b0069;regulatory;Multas;Verificar multas pendentes;;;;0;500;;;ok;true;45;;https://www.detran.sp.gov.br;;2026-03-21 11:39:28.719749+00;2026-03-21 11:39:28.719749+00
f28eb69c-a84e-4215-9abc-a194ea9c687e;7af52b7f-df1e-4b5d-a0d6-0a7c091b0069;maintenance;Óleo do motor;Troca de óleo do motor;;;5000;30;500;;;ok;false;;;;;2026-03-21 11:39:28.719749+00;2026-03-21 11:39:28.719749+00
b3eab602-42f8-44f6-bfcf-70f72000c523;7af52b7f-df1e-4b5d-a0d6-0a7c091b0069;maintenance;Água de resfriamento;Verificar nível do líquido de arrefecimento;;6;;7;500;;;ok;false;;;;;2026-03-21 11:39:28.719749+00;2026-03-21 11:39:28.719749+00
beadea2a-e81e-43e6-9191-fe58b52bf633;7af52b7f-df1e-4b5d-a0d6-0a7c091b0069;maintenance;Óleo da direção;Verificar fluido da direção hidráulica;;12;;30;500;;;ok;false;;;;;2026-03-21 11:39:28.719749+00;2026-03-21 11:39:28.719749+00
7a22ac34-bc89-46d1-9e3e-9d6066999aff;7af52b7f-df1e-4b5d-a0d6-0a7c091b0069;maintenance;Fluido de freio;Troca do fluido de freio;;24;;30;500;;;ok;false;;;;;2026-03-21 11:39:28.719749+00;2026-03-21 11:39:28.719749+00
19ce3ef9-2923-41af-b725-279627ea62f0;7af52b7f-df1e-4b5d-a0d6-0a7c091b0069;maintenance;Bateria;Verificar condição da bateria;;36;;60;500;;;ok;false;;;;;2026-03-21 11:39:28.719749+00;2026-03-21 11:39:28.719749+00
744af341-4deb-4676-b61f-c7730cb14ed8;7af52b7f-df1e-4b5d-a0d6-0a7c091b0069;maintenance;Pressão dos pneus;Verificar calibragem dos pneus;;1;;3;500;;;ok;false;;;;;2026-03-21 11:39:28.719749+00;2026-03-21 11:39:28.719749+00
3ea0a484-fabb-4bbb-8893-fa6bd1d0be77;7af52b7f-df1e-4b5d-a0d6-0a7c091b0069;maintenance;Pastilhas de freio;Troca das pastilhas de freio;;;30000;30;2000;;;ok;false;;;;;2026-03-21 11:39:28.719749+00;2026-03-21 11:39:28.719749+00
877a2a73-9a17-4126-9511-b51981d443ef;7af52b7f-df1e-4b5d-a0d6-0a7c091b0069;maintenance;Troca de pneus;Substituição dos pneus;;48;40000;60;3000;;;ok;false;;;;;2026-03-21 11:39:28.719749+00;2026-03-21 11:39:28.719749+00
7f445965-6152-4c61-bf0c-dae35b40180e;1cd07231-97e7-460d-b0aa-964212a0b9c3;regulatory;IPVA;Imposto anual do veículo;;;;30;500;;;ok;false;;;;;2026-03-21 12:37:48.510028+00;2026-03-21 12:37:48.510028+00
3ae27304-dd09-4b70-839e-2c5a09ed61ff;1cd07231-97e7-460d-b0aa-964212a0b9c3;regulatory;Licenciamento;Renovação anual do CRLV;;;;30;500;;;ok;false;;;;;2026-03-21 12:37:48.510028+00;2026-03-21 12:37:48.510028+00
cce8e5da-edaa-4d5d-b607-afe6252a89aa;1cd07231-97e7-460d-b0aa-964212a0b9c3;regulatory;Seguro;Seguro do veículo;;;;30;500;;;ok;false;;;;;2026-03-21 12:37:48.510028+00;2026-03-21 12:37:48.510028+00
51a936ab-48b8-4c12-9e3f-b8d8c0a3d5f3;1cd07231-97e7-460d-b0aa-964212a0b9c3;regulatory;CNH;Renovação da carteira de motorista;;;;60;500;;;ok;false;;;;;2026-03-21 12:37:48.510028+00;2026-03-21 12:37:48.510028+00
ac02c515-2b2e-4970-84f5-23f4e3338cb5;1cd07231-97e7-460d-b0aa-964212a0b9c3;regulatory;Multas;Verificar multas pendentes;;;;0;500;;;ok;true;45;;https://www.detran.sp.gov.br;;2026-03-21 12:37:48.510028+00;2026-03-21 12:37:48.510028+00
1f925958-0341-4f82-a844-bbb40e452605;1cd07231-97e7-460d-b0aa-964212a0b9c3;maintenance;Óleo do motor;Troca de óleo do motor;;;5000;30;500;;;ok;false;;;;;2026-03-21 12:37:48.510028+00;2026-03-21 12:37:48.510028+00
1aa29d72-fe20-4985-a3ae-901080d43109;1cd07231-97e7-460d-b0aa-964212a0b9c3;maintenance;Água de resfriamento;Verificar nível do líquido de arrefecimento;;6;;7;500;;;ok;false;;;;;2026-03-21 12:37:48.510028+00;2026-03-21 12:37:48.510028+00
1dd82688-32c7-49b9-ac7f-315b1c1e3d83;1cd07231-97e7-460d-b0aa-964212a0b9c3;maintenance;Óleo da direção;Verificar fluido da direção hidráulica;;12;;30;500;;;ok;false;;;;;2026-03-21 12:37:48.510028+00;2026-03-21 12:37:48.510028+00
799cdd8e-d490-4383-aff3-63386b13c597;1cd07231-97e7-460d-b0aa-964212a0b9c3;maintenance;Fluido de freio;Troca do fluido de freio;;24;;30;500;;;ok;false;;;;;2026-03-21 12:37:48.510028+00;2026-03-21 12:37:48.510028+00
61d0aaef-28fe-4e38-af2a-14628b652231;1cd07231-97e7-460d-b0aa-964212a0b9c3;maintenance;Bateria;Verificar condição da bateria;;36;;60;500;;;ok;false;;;;;2026-03-21 12:37:48.510028+00;2026-03-21 12:37:48.510028+00
cd803e16-799a-46cb-87d5-751c74506fbe;1cd07231-97e7-460d-b0aa-964212a0b9c3;maintenance;Pressão dos pneus;Verificar calibragem dos pneus;;1;;3;500;;;ok;false;;;;;2026-03-21 12:37:48.510028+00;2026-03-21 12:37:48.510028+00
a6a2ac57-03b5-4e05-adc6-8ef337b3abf0;1cd07231-97e7-460d-b0aa-964212a0b9c3;maintenance;Pastilhas de freio;Troca das pastilhas de freio;;;30000;30;2000;;;ok;false;;;;;2026-03-21 12:37:48.510028+00;2026-03-21 12:37:48.510028+00
e2e623d2-f18d-4c96-ad11-055d7fa3f3de;1cd07231-97e7-460d-b0aa-964212a0b9c3;maintenance;Troca de pneus;Substituição dos pneus;;48;40000;60;3000;;;ok;false;;;;;2026-03-21 12:37:48.510028+00;2026-03-21 12:37:48.510028+00
55a70799-2129-4166-97f3-de15fe808c27;1cd07231-97e7-460d-b0aa-964212a0b9c3;regulatory;IPVA;Imposto anual do veículo;;;;30;500;;;ok;false;;;;;2026-03-21 12:37:48.510028+00;2026-03-21 12:37:48.510028+00
066d8419-0989-40ef-8200-38fbb3844e67;1cd07231-97e7-460d-b0aa-964212a0b9c3;regulatory;Licenciamento;Renovação anual do CRLV;;;;30;500;;;ok;false;;;;;2026-03-21 12:37:48.510028+00;2026-03-21 12:37:48.510028+00
284b167b-f228-40fe-9592-8cfe1500397d;1cd07231-97e7-460d-b0aa-964212a0b9c3;regulatory;Seguro;Seguro do veículo;;;;30;500;;;ok;false;;;;;2026-03-21 12:37:48.510028+00;2026-03-21 12:37:48.510028+00
6634a654-7605-4f2d-9fbd-65435ff8bb80;1cd07231-97e7-460d-b0aa-964212a0b9c3;regulatory;CNH;Renovação da carteira de motorista;;;;60;500;;;ok;false;;;;;2026-03-21 12:37:48.510028+00;2026-03-21 12:37:48.510028+00
e3a148b4-a368-43de-84d0-857f430c3fe8;1cd07231-97e7-460d-b0aa-964212a0b9c3;regulatory;Multas;Verificar multas pendentes;;;;0;500;;;ok;true;45;;https://www.detran.sp.gov.br;;2026-03-21 12:37:48.510028+00;2026-03-21 12:37:48.510028+00
ea9c52a4-5d19-4c73-ab3d-e441e8622572;1cd07231-97e7-460d-b0aa-964212a0b9c3;maintenance;Óleo do motor;Troca de óleo do motor;;;5000;30;500;;;ok;false;;;;;2026-03-21 12:37:48.510028+00;2026-03-21 12:37:48.510028+00
c8ac0cfb-6b24-458a-93e4-ece15d6c7c28;1cd07231-97e7-460d-b0aa-964212a0b9c3;maintenance;Água de resfriamento;Verificar nível do líquido de arrefecimento;;6;;7;500;;;ok;false;;;;;2026-03-21 12:37:48.510028+00;2026-03-21 12:37:48.510028+00
fe62ad63-4695-40f8-8f43-b0237dd08bf8;1cd07231-97e7-460d-b0aa-964212a0b9c3;maintenance;Óleo da direção;Verificar fluido da direção hidráulica;;12;;30;500;;;ok;false;;;;;2026-03-21 12:37:48.510028+00;2026-03-21 12:37:48.510028+00
d6bec340-fca6-49cb-8813-36f84f4e4103;1cd07231-97e7-460d-b0aa-964212a0b9c3;maintenance;Fluido de freio;Troca do fluido de freio;;24;;30;500;;;ok;false;;;;;2026-03-21 12:37:48.510028+00;2026-03-21 12:37:48.510028+00
7a8f4bfc-53b9-41d1-b70c-30097122dcf3;1cd07231-97e7-460d-b0aa-964212a0b9c3;maintenance;Bateria;Verificar condição da bateria;;36;;60;500;;;ok;false;;;;;2026-03-21 12:37:48.510028+00;2026-03-21 12:37:48.510028+00
55a43b15-8310-4bef-87a6-8339cc6d08da;1cd07231-97e7-460d-b0aa-964212a0b9c3;maintenance;Pressão dos pneus;Verificar calibragem dos pneus;;1;;3;500;;;ok;false;;;;;2026-03-21 12:37:48.510028+00;2026-03-21 12:37:48.510028+00
09bf091c-20ff-4eca-8548-d4031d101da6;1cd07231-97e7-460d-b0aa-964212a0b9c3;maintenance;Pastilhas de freio;Troca das pastilhas de freio;;;30000;30;2000;;;ok;false;;;;;2026-03-21 12:37:48.510028+00;2026-03-21 12:37:48.510028+00
917e90d8-ceb8-49f4-aef7-61a7439adc95;1cd07231-97e7-460d-b0aa-964212a0b9c3;maintenance;Troca de pneus;Substituição dos pneus;;48;40000;60;3000;;;ok;false;;;;;2026-03-21 12:37:48.510028+00;2026-03-21 12:37:48.510028+00
8d394533-be4f-464a-bc6c-625c4358b622;7cc08c1d-5292-4c0e-8690-1282a1215333;regulatory;IPVA;Imposto anual do veículo;;;;30;500;;;ok;false;;;;;2026-03-25 15:12:09.761346+00;2026-03-25 15:12:09.761346+00
58feb0af-be9d-4439-a094-b6dc2b657c38;7cc08c1d-5292-4c0e-8690-1282a1215333;regulatory;Licenciamento;Renovação anual do CRLV;;;;30;500;;;ok;false;;;;;2026-03-25 15:12:09.761346+00;2026-03-25 15:12:09.761346+00
cc9965a5-1888-4707-b1e5-0c6e4fefca2f;7cc08c1d-5292-4c0e-8690-1282a1215333;regulatory;Seguro;Seguro do veículo;;;;30;500;;;ok;false;;;;;2026-03-25 15:12:09.761346+00;2026-03-25 15:12:09.761346+00
0642a10a-b6f9-461d-8490-539b85227395;7cc08c1d-5292-4c0e-8690-1282a1215333;regulatory;CNH;Renovação da carteira de motorista;;;;60;500;;;ok;false;;;;;2026-03-25 15:12:09.761346+00;2026-03-25 15:12:09.761346+00
f0f3ac37-ee6c-4769-8cd0-d6515cfc340c;7cc08c1d-5292-4c0e-8690-1282a1215333;regulatory;Multas;Verificar multas pendentes;;;;0;500;;;ok;true;45;;https://www.detran.sp.gov.br;;2026-03-25 15:12:09.761346+00;2026-03-25 15:12:09.761346+00
2abc9d48-68db-4dfe-8b62-7d3dd968264f;7cc08c1d-5292-4c0e-8690-1282a1215333;maintenance;Óleo do motor;Troca de óleo do motor;;;5000;30;500;;;ok;false;;;;;2026-03-25 15:12:09.761346+00;2026-03-25 15:12:09.761346+00
5b39a799-5897-457e-90bf-ba6fc04b8a8c;7cc08c1d-5292-4c0e-8690-1282a1215333;maintenance;Água de resfriamento;Verificar nível do líquido de arrefecimento;;6;;7;500;;;ok;false;;;;;2026-03-25 15:12:09.761346+00;2026-03-25 15:12:09.761346+00
6eb7e6ac-89d2-4f2f-9da4-0a841e00e477;7cc08c1d-5292-4c0e-8690-1282a1215333;maintenance;Óleo da direção;Verificar fluido da direção hidráulica;;12;;30;500;;;ok;false;;;;;2026-03-25 15:12:09.761346+00;2026-03-25 15:12:09.761346+00
17f99cc8-4fab-4a9b-82ed-86c36c07d95a;7cc08c1d-5292-4c0e-8690-1282a1215333;maintenance;Fluido de freio;Troca do fluido de freio;;24;;30;500;;;ok;false;;;;;2026-03-25 15:12:09.761346+00;2026-03-25 15:12:09.761346+00
9f20db8f-9c2a-47a6-a2e1-9f741a6e23c2;7cc08c1d-5292-4c0e-8690-1282a1215333;maintenance;Bateria;Verificar condição da bateria;;36;;60;500;;;ok;false;;;;;2026-03-25 15:12:09.761346+00;2026-03-25 15:12:09.761346+00
49696f54-1736-4ce7-82c3-e46da44c993e;7cc08c1d-5292-4c0e-8690-1282a1215333;maintenance;Pressão dos pneus;Verificar calibragem dos pneus;;1;;3;500;;;ok;false;;;;;2026-03-25 15:12:09.761346+00;2026-03-25 15:12:09.761346+00
f5baf1fb-f68d-4d73-81da-cbc4550fe136;7cc08c1d-5292-4c0e-8690-1282a1215333;maintenance;Pastilhas de freio;Troca das pastilhas de freio;;;30000;30;2000;;;ok;false;;;;;2026-03-25 15:12:09.761346+00;2026-03-25 15:12:09.761346+00
b8d28ca1-bdd6-439d-bc61-26b3bf02d43d;7cc08c1d-5292-4c0e-8690-1282a1215333;maintenance;Troca de pneus;Substituição dos pneus;;48;40000;60;3000;;;ok;false;;;;;2026-03-25 15:12:09.761346+00;2026-03-25 15:12:09.761346+00
1b06cfd5-85a2-4dc8-8492-d2ad96ae5d97;7cc08c1d-5292-4c0e-8690-1282a1215333;regulatory;IPVA;Imposto anual do veículo;;;;30;500;;;ok;false;;;;;2026-03-25 15:12:09.761346+00;2026-03-25 15:12:09.761346+00
617d1c02-54ac-48dc-a5cf-397a021f9a17;7cc08c1d-5292-4c0e-8690-1282a1215333;regulatory;Licenciamento;Renovação anual do CRLV;;;;30;500;;;ok;false;;;;;2026-03-25 15:12:09.761346+00;2026-03-25 15:12:09.761346+00
71f3fabf-fbe6-43dc-9d63-16e81dd7e57a;7cc08c1d-5292-4c0e-8690-1282a1215333;regulatory;Seguro;Seguro do veículo;;;;30;500;;;ok;false;;;;;2026-03-25 15:12:09.761346+00;2026-03-25 15:12:09.761346+00
ad618ed0-ee6f-417e-a32f-76edb79b5562;7cc08c1d-5292-4c0e-8690-1282a1215333;regulatory;CNH;Renovação da carteira de motorista;;;;60;500;;;ok;false;;;;;2026-03-25 15:12:09.761346+00;2026-03-25 15:12:09.761346+00
e1590b41-5f97-4d9b-abbe-3bc3e71f3bad;7cc08c1d-5292-4c0e-8690-1282a1215333;regulatory;Multas;Verificar multas pendentes;;;;0;500;;;ok;true;45;;https://www.detran.sp.gov.br;;2026-03-25 15:12:09.761346+00;2026-03-25 15:12:09.761346+00
c47e2f79-338c-45ce-8222-2e714363d0d4;7cc08c1d-5292-4c0e-8690-1282a1215333;maintenance;Óleo do motor;Troca de óleo do motor;;;5000;30;500;;;ok;false;;;;;2026-03-25 15:12:09.761346+00;2026-03-25 15:12:09.761346+00
59e3ce4b-4711-4900-9fb1-8704ba546039;7cc08c1d-5292-4c0e-8690-1282a1215333;maintenance;Água de resfriamento;Verificar nível do líquido de arrefecimento;;6;;7;500;;;ok;false;;;;;2026-03-25 15:12:09.761346+00;2026-03-25 15:12:09.761346+00
79c55929-7e54-44f8-9a02-1c9547bec9ce;7cc08c1d-5292-4c0e-8690-1282a1215333;maintenance;Óleo da direção;Verificar fluido da direção hidráulica;;12;;30;500;;;ok;false;;;;;2026-03-25 15:12:09.761346+00;2026-03-25 15:12:09.761346+00
195b9f6f-dfea-4023-9121-7b66447438ff;7cc08c1d-5292-4c0e-8690-1282a1215333;maintenance;Fluido de freio;Troca do fluido de freio;;24;;30;500;;;ok;false;;;;;2026-03-25 15:12:09.761346+00;2026-03-25 15:12:09.761346+00
1c9657b6-3509-4ab5-8e57-685356c753bd;7cc08c1d-5292-4c0e-8690-1282a1215333;maintenance;Bateria;Verificar condição da bateria;;36;;60;500;;;ok;false;;;;;2026-03-25 15:12:09.761346+00;2026-03-25 15:12:09.761346+00
5375d89b-77f1-4abf-b462-369d67ee5fbd;7cc08c1d-5292-4c0e-8690-1282a1215333;maintenance;Pressão dos pneus;Verificar calibragem dos pneus;;1;;3;500;;;ok;false;;;;;2026-03-25 15:12:09.761346+00;2026-03-25 15:12:09.761346+00
52f53581-d351-489f-824c-6a5293706caf;7cc08c1d-5292-4c0e-8690-1282a1215333;maintenance;Pastilhas de freio;Troca das pastilhas de freio;;;30000;30;2000;;;ok;false;;;;;2026-03-25 15:12:09.761346+00;2026-03-25 15:12:09.761346+00
ffc08141-ae06-4bba-9a26-5f90cbf1838a;7cc08c1d-5292-4c0e-8690-1282a1215333;maintenance;Troca de pneus;Substituição dos pneus;;48;40000;60;3000;;;ok;false;;;;;2026-03-25 15:12:09.761346+00;2026-03-25 15:12:09.761346+00